x,y,target
-2.0,-2.0,3
-1.9,-2.0,3
-1.7999999999999998,-2.0,3
-1.6999999999999997,-2.0,3
-1.5999999999999996,-2.0,3
-1.4999999999999996,-2.0,3
-1.3999999999999995,-2.0,3
-1.2999999999999994,-2.0,3
-1.1999999999999993,-2.0,3
-1.0999999999999992,-2.0,3
-0.9999999999999991,-2.0,3
-0.899999999999999,-2.0,3
-0.7999999999999989,-2.0,3
-0.6999999999999988,-2.0,3
-0.5999999999999988,-2.0,3
-0.49999999999999867,-2.0,3
-0.3999999999999986,-2.0,3
-0.2999999999999985,-2.0,3
-0.1999999999999984,-2.0,3
-0.09999999999999831,-2.0,3
1.7763568394002505e-15,-2.0,3
0.10000000000000187,-2.0,3
0.20000000000000195,-2.0,3
0.30000000000000204,-2.0,6
0.40000000000000213,-2.0,6
0.5000000000000022,-2.0,6
0.6000000000000023,-2.0,6
0.7000000000000024,-2.0,6
0.8000000000000025,-2.0,6
0.9000000000000026,-2.0,6
1.0000000000000027,-2.0,6
1.1000000000000028,-2.0,6
1.2000000000000028,-2.0,6
1.300000000000003,-2.0,6
1.400000000000003,-2.0,6
1.500000000000003,-2.0,6
1.6000000000000032,-2.0,6
1.7000000000000033,-2.0,6
1.8000000000000034,-2.0,6
1.9000000000000035,-2.0,6
-2.0,-1.9,3
-1.9,-1.9,3
-1.7999999999999998,-1.9,3
-1.6999999999999997,-1.9,3
-1.5999999999999996,-1.9,3
-1.4999999999999996,-1.9,3
-1.3999999999999995,-1.9,3
-1.2999999999999994,-1.9,3
-1.1999999999999993,-1.9,3
-1.0999999999999992,-1.9,3
-0.9999999999999991,-1.9,3
-0.899999999999999,-1.9,3
-0.7999999999999989,-1.9,3
-0.6999999999999988,-1.9,3
-0.5999999999999988,-1.9,3
-0.49999999999999867,-1.9,3
-0.3999999999999986,-1.9,3
-0.2999999999999985,-1.9,3
-0.1999999999999984,-1.9,3
-0.09999999999999831,-1.9,3
1.7763568394002505e-15,-1.9,3
0.10000000000000187,-1.9,3
0.20000000000000195,-1.9,6
0.30000000000000204,-1.9,6
0.40000000000000213,-1.9,6
0.5000000000000022,-1.9,6
0.6000000000000023,-1.9,6
0.7000000000000024,-1.9,6
0.8000000000000025,-1.9,6
0.9000000000000026,-1.9,6
1.0000000000000027,-1.9,6
1.1000000000000028,-1.9,6
1.2000000000000028,-1.9,6
1.300000000000003,-1.9,6
1.400000000000003,-1.9,6
1.500000000000003,-1.9,6
1.6000000000000032,-1.9,6
1.7000000000000033,-1.9,6
1.8000000000000034,-1.9,6
1.9000000000000035,-1.9,6
-2.0,-1.7999999999999998,3
-1.9,-1.7999999999999998,3
-1.7999999999999998,-1.7999999999999998,3
-1.6999999999999997,-1.7999999999999998,3
-1.5999999999999996,-1.7999999999999998,3
-1.4999999999999996,-1.7999999999999998,3
-1.3999999999999995,-1.7999999999999998,3
-1.2999999999999994,-1.7999999999999998,3
-1.1999999999999993,-1.7999999999999998,3
-1.0999999999999992,-1.7999999999999998,3
-0.9999999999999991,-1.7999999999999998,3
-0.899999999999999,-1.7999999999999998,3
-0.7999999999999989,-1.7999999999999998,3
-0.6999999999999988,-1.7999999999999998,3
-0.5999999999999988,-1.7999999999999998,3
-0.49999999999999867,-1.7999999999999998,3
-0.3999999999999986,-1.7999999999999998,3
-0.2999999999999985,-1.7999999999999998,3
-0.1999999999999984,-1.7999999999999998,3
-0.09999999999999831,-1.7999999999999998,3
1.7763568394002505e-15,-1.7999999999999998,3
0.10000000000000187,-1.7999999999999998,6
0.20000000000000195,-1.7999999999999998,6
0.30000000000000204,-1.7999999999999998,6
0.40000000000000213,-1.7999999999999998,6
0.5000000000000022,-1.7999999999999998,6
0.6000000000000023,-1.7999999999999998,6
0.7000000000000024,-1.7999999999999998,6
0.8000000000000025,-1.7999999999999998,6
0.9000000000000026,-1.7999999999999998,6
1.0000000000000027,-1.7999999999999998,6
1.1000000000000028,-1.7999999999999998,6
1.2000000000000028,-1.7999999999999998,6
1.300000000000003,-1.7999999999999998,6
1.400000000000003,-1.7999999999999998,6
1.500000000000003,-1.7999999999999998,6
1.6000000000000032,-1.7999999999999998,6
1.7000000000000033,-1.7999999999999998,6
1.8000000000000034,-1.7999999999999998,6
1.9000000000000035,-1.7999999999999998,6
-2.0,-1.6999999999999997,3
-1.9,-1.6999999999999997,3
-1.7999999999999998,-1.6999999999999997,3
-1.6999999999999997,-1.6999999999999997,3
-1.5999999999999996,-1.6999999999999997,3
-1.4999999999999996,-1.6999999999999997,3
-1.3999999999999995,-1.6999999999999997,3
-1.2999999999999994,-1.6999999999999997,3
-1.1999999999999993,-1.6999999999999997,3
-1.0999999999999992,-1.6999999999999997,3
-0.9999999999999991,-1.6999999999999997,3
-0.899999999999999,-1.6999999999999997,3
-0.7999999999999989,-1.6999999999999997,3
-0.6999999999999988,-1.6999999999999997,3
-0.5999999999999988,-1.6999999999999997,3
-0.49999999999999867,-1.6999999999999997,3
-0.3999999999999986,-1.6999999999999997,3
-0.2999999999999985,-1.6999999999999997,3
-0.1999999999999984,-1.6999999999999997,3
-0.09999999999999831,-1.6999999999999997,3
1.7763568394002505e-15,-1.6999999999999997,6
0.10000000000000187,-1.6999999999999997,6
0.20000000000000195,-1.6999999999999997,6
0.30000000000000204,-1.6999999999999997,6
0.40000000000000213,-1.6999999999999997,6
0.5000000000000022,-1.6999999999999997,6
0.6000000000000023,-1.6999999999999997,6
0.7000000000000024,-1.6999999999999997,6
0.8000000000000025,-1.6999999999999997,6
0.9000000000000026,-1.6999999999999997,6
1.0000000000000027,-1.6999999999999997,6
1.1000000000000028,-1.6999999999999997,6
1.2000000000000028,-1.6999999999999997,6
1.300000000000003,-1.6999999999999997,6
1.400000000000003,-1.6999999999999997,6
1.500000000000003,-1.6999999999999997,6
1.6000000000000032,-1.6999999999999997,6
1.7000000000000033,-1.6999999999999997,6
1.8000000000000034,-1.6999999999999997,6
1.9000000000000035,-1.6999999999999997,6
-2.0,-1.5999999999999996,3
-1.9,-1.5999999999999996,3
-1.7999999999999998,-1.5999999999999996,3
-1.6999999999999997,-1.5999999999999996,3
-1.5999999999999996,-1.5999999999999996,3
-1.4999999999999996,-1.5999999999999996,3
-1.3999999999999995,-1.5999999999999996,3
-1.2999999999999994,-1.5999999999999996,3
-1.1999999999999993,-1.5999999999999996,3
-1.0999999999999992,-1.5999999999999996,3
-0.9999999999999991,-1.5999999999999996,3
-0.899999999999999,-1.5999999999999996,3
-0.7999999999999989,-1.5999999999999996,3
-0.6999999999999988,-1.5999999999999996,3
-0.5999999999999988,-1.5999999999999996,3
-0.49999999999999867,-1.5999999999999996,3
-0.3999999999999986,-1.5999999999999996,3
-0.2999999999999985,-1.5999999999999996,3
-0.1999999999999984,-1.5999999999999996,3
-0.09999999999999831,-1.5999999999999996,3
1.7763568394002505e-15,-1.5999999999999996,6
0.10000000000000187,-1.5999999999999996,6
0.20000000000000195,-1.5999999999999996,6
0.30000000000000204,-1.5999999999999996,6
0.40000000000000213,-1.5999999999999996,6
0.5000000000000022,-1.5999999999999996,6
0.6000000000000023,-1.5999999999999996,6
0.7000000000000024,-1.5999999999999996,6
0.8000000000000025,-1.5999999999999996,6
0.9000000000000026,-1.5999999999999996,6
1.0000000000000027,-1.5999999999999996,6
1.1000000000000028,-1.5999999999999996,6
1.2000000000000028,-1.5999999999999996,6
1.300000000000003,-1.5999999999999996,6
1.400000000000003,-1.5999999999999996,6
1.500000000000003,-1.5999999999999996,6
1.6000000000000032,-1.5999999999999996,6
1.7000000000000033,-1.5999999999999996,6
1.8000000000000034,-1.5999999999999996,6
1.9000000000000035,-1.5999999999999996,6
-2.0,-1.4999999999999996,3
-1.9,-1.4999999999999996,3
-1.7999999999999998,-1.4999999999999996,3
-1.6999999999999997,-1.4999999999999996,3
-1.5999999999999996,-1.4999999999999996,3
-1.4999999999999996,-1.4999999999999996,3
-1.3999999999999995,-1.4999999999999996,3
-1.2999999999999994,-1.4999999999999996,3
-1.1999999999999993,-1.4999999999999996,3
-1.0999999999999992,-1.4999999999999996,3
-0.9999999999999991,-1.4999999999999996,3
-0.899999999999999,-1.4999999999999996,3
-0.7999999999999989,-1.4999999999999996,3
-0.6999999999999988,-1.4999999999999996,3
-0.5999999999999988,-1.4999999999999996,3
-0.49999999999999867,-1.4999999999999996,3
-0.3999999999999986,-1.4999999999999996,3
-0.2999999999999985,-1.4999999999999996,3
-0.1999999999999984,-1.4999999999999996,3
-0.09999999999999831,-1.4999999999999996,6
1.7763568394002505e-15,-1.4999999999999996,6
0.10000000000000187,-1.4999999999999996,6
0.20000000000000195,-1.4999999999999996,6
0.30000000000000204,-1.4999999999999996,6
0.40000000000000213,-1.4999999999999996,6
0.5000000000000022,-1.4999999999999996,6
0.6000000000000023,-1.4999999999999996,6
0.7000000000000024,-1.4999999999999996,6
0.8000000000000025,-1.4999999999999996,6
0.9000000000000026,-1.4999999999999996,6
1.0000000000000027,-1.4999999999999996,6
1.1000000000000028,-1.4999999999999996,6
1.2000000000000028,-1.4999999999999996,6
1.300000000000003,-1.4999999999999996,6
1.400000000000003,-1.4999999999999996,6
1.500000000000003,-1.4999999999999996,6
1.6000000000000032,-1.4999999999999996,6
1.7000000000000033,-1.4999999999999996,6
1.8000000000000034,-1.4999999999999996,6
1.9000000000000035,-1.4999999999999996,6
-2.0,-1.3999999999999995,3
-1.9,-1.3999999999999995,3
-1.7999999999999998,-1.3999999999999995,3
-1.6999999999999997,-1.3999999999999995,3
-1.5999999999999996,-1.3999999999999995,3
-1.4999999999999996,-1.3999999999999995,3
-1.3999999999999995,-1.3999999999999995,3
-1.2999999999999994,-1.3999999999999995,3
-1.1999999999999993,-1.3999999999999995,3
-1.0999999999999992,-1.3999999999999995,3
-0.9999999999999991,-1.3999999999999995,3
-0.899999999999999,-1.3999999999999995,3
-0.7999999999999989,-1.3999999999999995,3
-0.6999999999999988,-1.3999999999999995,3
-0.5999999999999988,-1.3999999999999995,3
-0.49999999999999867,-1.3999999999999995,3
-0.3999999999999986,-1.3999999999999995,3
-0.2999999999999985,-1.3999999999999995,3
-0.1999999999999984,-1.3999999999999995,6
-0.09999999999999831,-1.3999999999999995,6
1.7763568394002505e-15,-1.3999999999999995,6
0.10000000000000187,-1.3999999999999995,6
0.20000000000000195,-1.3999999999999995,6
0.30000000000000204,-1.3999999999999995,6
0.40000000000000213,-1.3999999999999995,6
0.5000000000000022,-1.3999999999999995,6
0.6000000000000023,-1.3999999999999995,6
0.7000000000000024,-1.3999999999999995,6
0.8000000000000025,-1.3999999999999995,6
0.9000000000000026,-1.3999999999999995,6
1.0000000000000027,-1.3999999999999995,6
1.1000000000000028,-1.3999999999999995,6
1.2000000000000028,-1.3999999999999995,6
1.300000000000003,-1.3999999999999995,6
1.400000000000003,-1.3999999999999995,6
1.500000000000003,-1.3999999999999995,6
1.6000000000000032,-1.3999999999999995,6
1.7000000000000033,-1.3999999999999995,6
1.8000000000000034,-1.3999999999999995,6
1.9000000000000035,-1.3999999999999995,6
-2.0,-1.2999999999999994,3
-1.9,-1.2999999999999994,3
-1.7999999999999998,-1.2999999999999994,3
-1.6999999999999997,-1.2999999999999994,3
-1.5999999999999996,-1.2999999999999994,3
-1.4999999999999996,-1.2999999999999994,3
-1.3999999999999995,-1.2999999999999994,3
-1.2999999999999994,-1.2999999999999994,3
-1.1999999999999993,-1.2999999999999994,3
-1.0999999999999992,-1.2999999999999994,3
-0.9999999999999991,-1.2999999999999994,3
-0.899999999999999,-1.2999999999999994,3
-0.7999999999999989,-1.2999999999999994,3
-0.6999999999999988,-1.2999999999999994,3
-0.5999999999999988,-1.2999999999999994,3
-0.49999999999999867,-1.2999999999999994,3
-0.3999999999999986,-1.2999999999999994,3
-0.2999999999999985,-1.2999999999999994,6
-0.1999999999999984,-1.2999999999999994,6
-0.09999999999999831,-1.2999999999999994,6
1.7763568394002505e-15,-1.2999999999999994,6
0.10000000000000187,-1.2999999999999994,6
0.20000000000000195,-1.2999999999999994,6
0.30000000000000204,-1.2999999999999994,6
0.40000000000000213,-1.2999999999999994,6
0.5000000000000022,-1.2999999999999994,6
0.6000000000000023,-1.2999999999999994,6
0.7000000000000024,-1.2999999999999994,6
0.8000000000000025,-1.2999999999999994,6
0.9000000000000026,-1.2999999999999994,6
1.0000000000000027,-1.2999999999999994,6
1.1000000000000028,-1.2999999999999994,6
1.2000000000000028,-1.2999999999999994,6
1.300000000000003,-1.2999999999999994,6
1.400000000000003,-1.2999999999999994,6
1.500000000000003,-1.2999999999999994,6
1.6000000000000032,-1.2999999999999994,6
1.7000000000000033,-1.2999999999999994,6
1.8000000000000034,-1.2999999999999994,6
1.9000000000000035,-1.2999999999999994,6
-2.0,-1.1999999999999993,3
-1.9,-1.1999999999999993,3
-1.7999999999999998,-1.1999999999999993,3
-1.6999999999999997,-1.1999999999999993,3
-1.5999999999999996,-1.1999999999999993,3
-1.4999999999999996,-1.1999999999999993,3
-1.3999999999999995,-1.1999999999999993,3
-1.2999999999999994,-1.1999999999999993,3
-1.1999999999999993,-1.1999999999999993,3
-1.0999999999999992,-1.1999999999999993,3
-0.9999999999999991,-1.1999999999999993,3
-0.899999999999999,-1.1999999999999993,3
-0.7999999999999989,-1.1999999999999993,3
-0.6999999999999988,-1.1999999999999993,3
-0.5999999999999988,-1.1999999999999993,3
-0.49999999999999867,-1.1999999999999993,3
-0.3999999999999986,-1.1999999999999993,3
-0.2999999999999985,-1.1999999999999993,6
-0.1999999999999984,-1.1999999999999993,6
-0.09999999999999831,-1.1999999999999993,6
1.7763568394002505e-15,-1.1999999999999993,6
0.10000000000000187,-1.1999999999999993,6
0.20000000000000195,-1.1999999999999993,6
0.30000000000000204,-1.1999999999999993,6
0.40000000000000213,-1.1999999999999993,6
0.5000000000000022,-1.1999999999999993,6
0.6000000000000023,-1.1999999999999993,6
0.7000000000000024,-1.1999999999999993,6
0.8000000000000025,-1.1999999999999993,6
0.9000000000000026,-1.1999999999999993,6
1.0000000000000027,-1.1999999999999993,6
1.1000000000000028,-1.1999999999999993,6
1.2000000000000028,-1.1999999999999993,6
1.300000000000003,-1.1999999999999993,6
1.400000000000003,-1.1999999999999993,6
1.500000000000003,-1.1999999999999993,6
1.6000000000000032,-1.1999999999999993,6
1.7000000000000033,-1.1999999999999993,6
1.8000000000000034,-1.1999999999999993,6
1.9000000000000035,-1.1999999999999993,6
-2.0,-1.0999999999999992,3
-1.9,-1.0999999999999992,3
-1.7999999999999998,-1.0999999999999992,3
-1.6999999999999997,-1.0999999999999992,3
-1.5999999999999996,-1.0999999999999992,3
-1.4999999999999996,-1.0999999999999992,3
-1.3999999999999995,-1.0999999999999992,3
-1.2999999999999994,-1.0999999999999992,3
-1.1999999999999993,-1.0999999999999992,3
-1.0999999999999992,-1.0999999999999992,3
-0.9999999999999991,-1.0999999999999992,3
-0.899999999999999,-1.0999999999999992,3
-0.7999999999999989,-1.0999999999999992,3
-0.6999999999999988,-1.0999999999999992,3
-0.5999999999999988,-1.0999999999999992,3
-0.49999999999999867,-1.0999999999999992,3
-0.3999999999999986,-1.0999999999999992,6
-0.2999999999999985,-1.0999999999999992,6
-0.1999999999999984,-1.0999999999999992,6
-0.09999999999999831,-1.0999999999999992,6
1.7763568394002505e-15,-1.0999999999999992,6
0.10000000000000187,-1.0999999999999992,6
0.20000000000000195,-1.0999999999999992,6
0.30000000000000204,-1.0999999999999992,6
0.40000000000000213,-1.0999999999999992,6
0.5000000000000022,-1.0999999999999992,6
0.6000000000000023,-1.0999999999999992,6
0.7000000000000024,-1.0999999999999992,6
0.8000000000000025,-1.0999999999999992,6
0.9000000000000026,-1.0999999999999992,6
1.0000000000000027,-1.0999999999999992,6
1.1000000000000028,-1.0999999999999992,6
1.2000000000000028,-1.0999999999999992,6
1.300000000000003,-1.0999999999999992,6
1.400000000000003,-1.0999999999999992,6
1.500000000000003,-1.0999999999999992,6
1.6000000000000032,-1.0999999999999992,6
1.7000000000000033,-1.0999999999999992,6
1.8000000000000034,-1.0999999999999992,6
1.9000000000000035,-1.0999999999999992,6
-2.0,-0.9999999999999991,3
-1.9,-0.9999999999999991,3
-1.7999999999999998,-0.9999999999999991,3
-1.6999999999999997,-0.9999999999999991,3
-1.5999999999999996,-0.9999999999999991,3
-1.4999999999999996,-0.9999999999999991,3
-1.3999999999999995,-0.9999999999999991,3
-1.2999999999999994,-0.9999999999999991,3
-1.1999999999999993,-0.9999999999999991,3
-1.0999999999999992,-0.9999999999999991,3
-0.9999999999999991,-0.9999999999999991,3
-0.899999999999999,-0.9999999999999991,3
-0.7999999999999989,-0.9999999999999991,3
-0.6999999999999988,-0.9999999999999991,3
-0.5999999999999988,-0.9999999999999991,3
-0.49999999999999867,-0.9999999999999991,3
-0.3999999999999986,-0.9999999999999991,6
-0.2999999999999985,-0.9999999999999991,6
-0.1999999999999984,-0.9999999999999991,6
-0.09999999999999831,-0.9999999999999991,6
1.7763568394002505e-15,-0.9999999999999991,6
0.10000000000000187,-0.9999999999999991,6
0.20000000000000195,-0.9999999999999991,6
0.30000000000000204,-0.9999999999999991,6
0.40000000000000213,-0.9999999999999991,6
0.5000000000000022,-0.9999999999999991,6
0.6000000000000023,-0.9999999999999991,6
0.7000000000000024,-0.9999999999999991,6
0.8000000000000025,-0.9999999999999991,6
0.9000000000000026,-0.9999999999999991,6
1.0000000000000027,-0.9999999999999991,6
1.1000000000000028,-0.9999999999999991,6
1.2000000000000028,-0.9999999999999991,6
1.300000000000003,-0.9999999999999991,6
1.400000000000003,-0.9999999999999991,6
1.500000000000003,-0.9999999999999991,6
1.6000000000000032,-0.9999999999999991,6
1.7000000000000033,-0.9999999999999991,6
1.8000000000000034,-0.9999999999999991,6
1.9000000000000035,-0.9999999999999991,6
-2.0,-0.899999999999999,3
-1.9,-0.899999999999999,3
-1.7999999999999998,-0.899999999999999,3
-1.6999999999999997,-0.899999999999999,3
-1.5999999999999996,-0.899999999999999,3
-1.4999999999999996,-0.899999999999999,3
-1.3999999999999995,-0.899999999999999,3
-1.2999999999999994,-0.899999999999999,3
-1.1999999999999993,-0.899999999999999,3
-1.0999999999999992,-0.899999999999999,3
-0.9999999999999991,-0.899999999999999,3
-0.899999999999999,-0.899999999999999,3
-0.7999999999999989,-0.899999999999999,3
-0.6999999999999988,-0.899999999999999,3
-0.5999999999999988,-0.899999999999999,3
-0.49999999999999867,-0.899999999999999,6
-0.3999999999999986,-0.899999999999999,6
-0.2999999999999985,-0.899999999999999,6
-0.1999999999999984,-0.899999999999999,6
-0.09999999999999831,-0.899999999999999,6
1.7763568394002505e-15,-0.899999999999999,6
0.10000000000000187,-0.899999999999999,6
0.20000000000000195,-0.899999999999999,6
0.30000000000000204,-0.899999999999999,6
0.40000000000000213,-0.899999999999999,6
0.5000000000000022,-0.899999999999999,6
0.6000000000000023,-0.899999999999999,6
0.7000000000000024,-0.899999999999999,6
0.8000000000000025,-0.899999999999999,6
0.9000000000000026,-0.899999999999999,6
1.0000000000000027,-0.899999999999999,6
1.1000000000000028,-0.899999999999999,6
1.2000000000000028,-0.899999999999999,6
1.300000000000003,-0.899999999999999,6
1.400000000000003,-0.899999999999999,6
1.500000000000003,-0.899999999999999,6
1.6000000000000032,-0.899999999999999,6
1.7000000000000033,-0.899999999999999,6
1.8000000000000034,-0.899999999999999,6
1.9000000000000035,-0.899999999999999,6
-2.0,-0.7999999999999989,2
-1.9,-0.7999999999999989,2
-1.7999999999999998,-0.7999999999999989,2
-1.6999999999999997,-0.7999999999999989,2
-1.5999999999999996,-0.7999999999999989,3
-1.4999999999999996,-0.7999999999999989,3
-1.3999999999999995,-0.7999999999999989,3
-1.2999999999999994,-0.7999999999999989,3
-1.1999999999999993,-0.7999999999999989,3
-1.0999999999999992,-0.7999999999999989,3
-0.9999999999999991,-0.7999999999999989,3
-0.899999999999999,-0.7999999999999989,3
-0.7999999999999989,-0.7999999999999989,3
-0.6999999999999988,-0.7999999999999989,3
-0.5999999999999988,-0.7999999999999989,3
-0.49999999999999867,-0.7999999999999989,6
-0.3999999999999986,-0.7999999999999989,6
-0.2999999999999985,-0.7999999999999989,6
-0.1999999999999984,-0.7999999999999989,6
-0.09999999999999831,-0.7999999999999989,6
1.7763568394002505e-15,-0.7999999999999989,6
0.10000000000000187,-0.7999999999999989,6
0.20000000000000195,-0.7999999999999989,6
0.30000000000000204,-0.7999999999999989,6
0.40000000000000213,-0.7999999999999989,6
0.5000000000000022,-0.7999999999999989,6
0.6000000000000023,-0.7999999999999989,6
0.7000000000000024,-0.7999999999999989,6
0.8000000000000025,-0.7999999999999989,6
0.9000000000000026,-0.7999999999999989,6
1.0000000000000027,-0.7999999999999989,6
1.1000000000000028,-0.7999999999999989,6
1.2000000000000028,-0.7999999999999989,6
1.300000000000003,-0.7999999999999989,6
1.400000000000003,-0.7999999999999989,6
1.500000000000003,-0.7999999999999989,6
1.6000000000000032,-0.7999999999999989,6
1.7000000000000033,-0.7999999999999989,6
1.8000000000000034,-0.7999999999999989,6
1.9000000000000035,-0.7999999999999989,6
-2.0,-0.6999999999999988,2
-1.9,-0.6999999999999988,2
-1.7999999999999998,-0.6999999999999988,2
-1.6999999999999997,-0.6999999999999988,2
-1.5999999999999996,-0.6999999999999988,2
-1.4999999999999996,-0.6999999999999988,2
-1.3999999999999995,-0.6999999999999988,2
-1.2999999999999994,-0.6999999999999988,2
-1.1999999999999993,-0.6999999999999988,2
-1.0999999999999992,-0.6999999999999988,2
-0.9999999999999991,-0.6999999999999988,2
-0.899999999999999,-0.6999999999999988,3
-0.7999999999999989,-0.6999999999999988,3
-0.6999999999999988,-0.6999999999999988,3
-0.5999999999999988,-0.6999999999999988,3
-0.49999999999999867,-0.6999999999999988,6
-0.3999999999999986,-0.6999999999999988,6
-0.2999999999999985,-0.6999999999999988,6
-0.1999999999999984,-0.6999999999999988,6
-0.09999999999999831,-0.6999999999999988,6
1.7763568394002505e-15,-0.6999999999999988,6
0.10000000000000187,-0.6999999999999988,6
0.20000000000000195,-0.6999999999999988,6
0.30000000000000204,-0.6999999999999988,6
0.40000000000000213,-0.6999999999999988,6
0.5000000000000022,-0.6999999999999988,6
0.6000000000000023,-0.6999999999999988,6
0.7000000000000024,-0.6999999999999988,6
0.8000000000000025,-0.6999999999999988,6
0.9000000000000026,-0.6999999999999988,6
1.0000000000000027,-0.6999999999999988,6
1.1000000000000028,-0.6999999999999988,6
1.2000000000000028,-0.6999999999999988,6
1.300000000000003,-0.6999999999999988,6
1.400000000000003,-0.6999999999999988,6
1.500000000000003,-0.6999999999999988,6
1.6000000000000032,-0.6999999999999988,6
1.7000000000000033,-0.6999999999999988,6
1.8000000000000034,-0.6999999999999988,6
1.9000000000000035,-0.6999999999999988,6
-2.0,-0.5999999999999988,2
-1.9,-0.5999999999999988,2
-1.7999999999999998,-0.5999999999999988,2
-1.6999999999999997,-0.5999999999999988,2
-1.5999999999999996,-0.5999999999999988,2
-1.4999999999999996,-0.5999999999999988,2
-1.3999999999999995,-0.5999999999999988,2
-1.2999999999999994,-0.5999999999999988,2
-1.1999999999999993,-0.5999999999999988,2
-1.0999999999999992,-0.5999999999999988,2
-0.9999999999999991,-0.5999999999999988,2
-0.899999999999999,-0.5999999999999988,2
-0.7999999999999989,-0.5999999999999988,2
-0.6999999999999988,-0.5999999999999988,3
-0.5999999999999988,-0.5999999999999988,3
-0.49999999999999867,-0.5999999999999988,6
-0.3999999999999986,-0.5999999999999988,6
-0.2999999999999985,-0.5999999999999988,6
-0.1999999999999984,-0.5999999999999988,6
-0.09999999999999831,-0.5999999999999988,6
1.7763568394002505e-15,-0.5999999999999988,6
0.10000000000000187,-0.5999999999999988,6
0.20000000000000195,-0.5999999999999988,6
0.30000000000000204,-0.5999999999999988,6
0.40000000000000213,-0.5999999999999988,6
0.5000000000000022,-0.5999999999999988,6
0.6000000000000023,-0.5999999999999988,6
0.7000000000000024,-0.5999999999999988,6
0.8000000000000025,-0.5999999999999988,6
0.9000000000000026,-0.5999999999999988,6
1.0000000000000027,-0.5999999999999988,6
1.1000000000000028,-0.5999999999999988,6
1.2000000000000028,-0.5999999999999988,6
1.300000000000003,-0.5999999999999988,6
1.400000000000003,-0.5999999999999988,6
1.500000000000003,-0.5999999999999988,6
1.6000000000000032,-0.5999999999999988,6
1.7000000000000033,-0.5999999999999988,6
1.8000000000000034,-0.5999999999999988,6
1.9000000000000035,-0.5999999999999988,6
-2.0,-0.49999999999999867,2
-1.9,-0.49999999999999867,2
-1.7999999999999998,-0.49999999999999867,2
-1.6999999999999997,-0.49999999999999867,2
-1.5999999999999996,-0.49999999999999867,2
-1.4999999999999996,-0.49999999999999867,2
-1.3999999999999995,-0.49999999999999867,2
-1.2999999999999994,-0.49999999999999867,2
-1.1999999999999993,-0.49999999999999867,2
-1.0999999999999992,-0.49999999999999867,2
-0.9999999999999991,-0.49999999999999867,2
-0.899999999999999,-0.49999999999999867,2
-0.7999999999999989,-0.49999999999999867,2
-0.6999999999999988,-0.49999999999999867,2
-0.5999999999999988,-0.49999999999999867,2
-0.49999999999999867,-0.49999999999999867,3
-0.3999999999999986,-0.49999999999999867,6
-0.2999999999999985,-0.49999999999999867,6
-0.1999999999999984,-0.49999999999999867,6
-0.09999999999999831,-0.49999999999999867,6
1.7763568394002505e-15,-0.49999999999999867,6
0.10000000000000187,-0.49999999999999867,6
0.20000000000000195,-0.49999999999999867,6
0.30000000000000204,-0.49999999999999867,6
0.40000000000000213,-0.49999999999999867,6
0.5000000000000022,-0.49999999999999867,6
0.6000000000000023,-0.49999999999999867,6
0.7000000000000024,-0.49999999999999867,6
0.8000000000000025,-0.49999999999999867,6
0.9000000000000026,-0.49999999999999867,6
1.0000000000000027,-0.49999999999999867,6
1.1000000000000028,-0.49999999999999867,6
1.2000000000000028,-0.49999999999999867,6
1.300000000000003,-0.49999999999999867,6
1.400000000000003,-0.49999999999999867,6
1.500000000000003,-0.49999999999999867,6
1.6000000000000032,-0.49999999999999867,6
1.7000000000000033,-0.49999999999999867,6
1.8000000000000034,-0.49999999999999867,6
1.9000000000000035,-0.49999999999999867,6
-2.0,-0.3999999999999986,2
-1.9,-0.3999999999999986,2
-1.7999999999999998,-0.3999999999999986,2
-1.6999999999999997,-0.3999999999999986,2
-1.5999999999999996,-0.3999999999999986,2
-1.4999999999999996,-0.3999999999999986,2
-1.3999999999999995,-0.3999999999999986,2
-1.2999999999999994,-0.3999999999999986,2
-1.1999999999999993,-0.3999999999999986,2
-1.0999999999999992,-0.3999999999999986,2
-0.9999999999999991,-0.3999999999999986,2
-0.899999999999999,-0.3999999999999986,2
-0.7999999999999989,-0.3999999999999986,2
-0.6999999999999988,-0.3999999999999986,2
-0.5999999999999988,-0.3999999999999986,2
-0.49999999999999867,-0.3999999999999986,2
-0.3999999999999986,-0.3999999999999986,0
-0.2999999999999985,-0.3999999999999986,6
-0.1999999999999984,-0.3999999999999986,6
-0.09999999999999831,-0.3999999999999986,6
1.7763568394002505e-15,-0.3999999999999986,6
0.10000000000000187,-0.3999999999999986,6
0.20000000000000195,-0.3999999999999986,6
0.30000000000000204,-0.3999999999999986,6
0.40000000000000213,-0.3999999999999986,6
0.5000000000000022,-0.3999999999999986,6
0.6000000000000023,-0.3999999999999986,6
0.7000000000000024,-0.3999999999999986,6
0.8000000000000025,-0.3999999999999986,6
0.9000000000000026,-0.3999999999999986,6
1.0000000000000027,-0.3999999999999986,6
1.1000000000000028,-0.3999999999999986,6
1.2000000000000028,-0.3999999999999986,6
1.300000000000003,-0.3999999999999986,6
1.400000000000003,-0.3999999999999986,6
1.500000000000003,-0.3999999999999986,6
1.6000000000000032,-0.3999999999999986,6
1.7000000000000033,-0.3999999999999986,6
1.8000000000000034,-0.3999999999999986,6
1.9000000000000035,-0.3999999999999986,6
-2.0,-0.2999999999999985,2
-1.9,-0.2999999999999985,2
-1.7999999999999998,-0.2999999999999985,2
-1.6999999999999997,-0.2999999999999985,2
-1.5999999999999996,-0.2999999999999985,2
-1.4999999999999996,-0.2999999999999985,2
-1.3999999999999995,-0.2999999999999985,2
-1.2999999999999994,-0.2999999999999985,2
-1.1999999999999993,-0.2999999999999985,2
-1.0999999999999992,-0.2999999999999985,2
-0.9999999999999991,-0.2999999999999985,2
-0.899999999999999,-0.2999999999999985,2
-0.7999999999999989,-0.2999999999999985,2
-0.6999999999999988,-0.2999999999999985,2
-0.5999999999999988,-0.2999999999999985,2
-0.49999999999999867,-0.2999999999999985,2
-0.3999999999999986,-0.2999999999999985,2
-0.2999999999999985,-0.2999999999999985,0
-0.1999999999999984,-0.2999999999999985,0
-0.09999999999999831,-0.2999999999999985,6
1.7763568394002505e-15,-0.2999999999999985,6
0.10000000000000187,-0.2999999999999985,6
0.20000000000000195,-0.2999999999999985,6
0.30000000000000204,-0.2999999999999985,6
0.40000000000000213,-0.2999999999999985,6
0.5000000000000022,-0.2999999999999985,6
0.6000000000000023,-0.2999999999999985,6
0.7000000000000024,-0.2999999999999985,6
0.8000000000000025,-0.2999999999999985,6
0.9000000000000026,-0.2999999999999985,6
1.0000000000000027,-0.2999999999999985,6
1.1000000000000028,-0.2999999999999985,6
1.2000000000000028,-0.2999999999999985,6
1.300000000000003,-0.2999999999999985,6
1.400000000000003,-0.2999999999999985,6
1.500000000000003,-0.2999999999999985,6
1.6000000000000032,-0.2999999999999985,6
1.7000000000000033,-0.2999999999999985,6
1.8000000000000034,-0.2999999999999985,6
1.9000000000000035,-0.2999999999999985,5
-2.0,-0.1999999999999984,2
-1.9,-0.1999999999999984,2
-1.7999999999999998,-0.1999999999999984,2
-1.6999999999999997,-0.1999999999999984,2
-1.5999999999999996,-0.1999999999999984,2
-1.4999999999999996,-0.1999999999999984,2
-1.3999999999999995,-0.1999999999999984,2
-1.2999999999999994,-0.1999999999999984,2
-1.1999999999999993,-0.1999999999999984,2
-1.0999999999999992,-0.1999999999999984,2
-0.9999999999999991,-0.1999999999999984,2
-0.899999999999999,-0.1999999999999984,2
-0.7999999999999989,-0.1999999999999984,2
-0.6999999999999988,-0.1999999999999984,2
-0.5999999999999988,-0.1999999999999984,2
-0.49999999999999867,-0.1999999999999984,2
-0.3999999999999986,-0.1999999999999984,2
-0.2999999999999985,-0.1999999999999984,0
-0.1999999999999984,-0.1999999999999984,0
-0.09999999999999831,-0.1999999999999984,0
1.7763568394002505e-15,-0.1999999999999984,0
0.10000000000000187,-0.1999999999999984,6
0.20000000000000195,-0.1999999999999984,6
0.30000000000000204,-0.1999999999999984,6
0.40000000000000213,-0.1999999999999984,6
0.5000000000000022,-0.1999999999999984,6
0.6000000000000023,-0.1999999999999984,6
0.7000000000000024,-0.1999999999999984,6
0.8000000000000025,-0.1999999999999984,6
0.9000000000000026,-0.1999999999999984,6
1.0000000000000027,-0.1999999999999984,6
1.1000000000000028,-0.1999999999999984,6
1.2000000000000028,-0.1999999999999984,6
1.300000000000003,-0.1999999999999984,6
1.400000000000003,-0.1999999999999984,6
1.500000000000003,-0.1999999999999984,6
1.6000000000000032,-0.1999999999999984,6
1.7000000000000033,-0.1999999999999984,5
1.8000000000000034,-0.1999999999999984,5
1.9000000000000035,-0.1999999999999984,5
-2.0,-0.09999999999999831,2
-1.9,-0.09999999999999831,2
-1.7999999999999998,-0.09999999999999831,2
-1.6999999999999997,-0.09999999999999831,2
-1.5999999999999996,-0.09999999999999831,2
-1.4999999999999996,-0.09999999999999831,2
-1.3999999999999995,-0.09999999999999831,2
-1.2999999999999994,-0.09999999999999831,2
-1.1999999999999993,-0.09999999999999831,2
-1.0999999999999992,-0.09999999999999831,2
-0.9999999999999991,-0.09999999999999831,2
-0.899999999999999,-0.09999999999999831,2
-0.7999999999999989,-0.09999999999999831,2
-0.6999999999999988,-0.09999999999999831,2
-0.5999999999999988,-0.09999999999999831,2
-0.49999999999999867,-0.09999999999999831,2
-0.3999999999999986,-0.09999999999999831,2
-0.2999999999999985,-0.09999999999999831,0
-0.1999999999999984,-0.09999999999999831,0
-0.09999999999999831,-0.09999999999999831,0
1.7763568394002505e-15,-0.09999999999999831,0
0.10000000000000187,-0.09999999999999831,0
0.20000000000000195,-0.09999999999999831,0
0.30000000000000204,-0.09999999999999831,0
0.40000000000000213,-0.09999999999999831,6
0.5000000000000022,-0.09999999999999831,6
0.6000000000000023,-0.09999999999999831,6
0.7000000000000024,-0.09999999999999831,6
0.8000000000000025,-0.09999999999999831,6
0.9000000000000026,-0.09999999999999831,6
1.0000000000000027,-0.09999999999999831,6
1.1000000000000028,-0.09999999999999831,6
1.2000000000000028,-0.09999999999999831,6
1.300000000000003,-0.09999999999999831,6
1.400000000000003,-0.09999999999999831,6
1.500000000000003,-0.09999999999999831,5
1.6000000000000032,-0.09999999999999831,5
1.7000000000000033,-0.09999999999999831,5
1.8000000000000034,-0.09999999999999831,5
1.9000000000000035,-0.09999999999999831,5
-2.0,1.7763568394002505e-15,2
-1.9,1.7763568394002505e-15,2
-1.7999999999999998,1.7763568394002505e-15,2
-1.6999999999999997,1.7763568394002505e-15,2
-1.5999999999999996,1.7763568394002505e-15,2
-1.4999999999999996,1.7763568394002505e-15,2
-1.3999999999999995,1.7763568394002505e-15,2
-1.2999999999999994,1.7763568394002505e-15,2
-1.1999999999999993,1.7763568394002505e-15,2
-1.0999999999999992,1.7763568394002505e-15,2
-0.9999999999999991,1.7763568394002505e-15,2
-0.899999999999999,1.7763568394002505e-15,2
-0.7999999999999989,1.7763568394002505e-15,2
-0.6999999999999988,1.7763568394002505e-15,2
-0.5999999999999988,1.7763568394002505e-15,2
-0.49999999999999867,1.7763568394002505e-15,2
-0.3999999999999986,1.7763568394002505e-15,2
-0.2999999999999985,1.7763568394002505e-15,0
-0.1999999999999984,1.7763568394002505e-15,0
-0.09999999999999831,1.7763568394002505e-15,0
1.7763568394002505e-15,1.7763568394002505e-15,0
0.10000000000000187,1.7763568394002505e-15,0
0.20000000000000195,1.7763568394002505e-15,0
0.30000000000000204,1.7763568394002505e-15,0
0.40000000000000213,1.7763568394002505e-15,0
0.5000000000000022,1.7763568394002505e-15,0
0.6000000000000023,1.7763568394002505e-15,0
0.7000000000000024,1.7763568394002505e-15,0
0.8000000000000025,1.7763568394002505e-15,0
0.9000000000000026,1.7763568394002505e-15,4
1.0000000000000027,1.7763568394002505e-15,5
1.1000000000000028,1.7763568394002505e-15,5
1.2000000000000028,1.7763568394002505e-15,5
1.300000000000003,1.7763568394002505e-15,5
1.400000000000003,1.7763568394002505e-15,5
1.500000000000003,1.7763568394002505e-15,5
1.6000000000000032,1.7763568394002505e-15,5
1.7000000000000033,1.7763568394002505e-15,5
1.8000000000000034,1.7763568394002505e-15,5
1.9000000000000035,1.7763568394002505e-15,5
-2.0,0.10000000000000187,2
-1.9,0.10000000000000187,2
-1.7999999999999998,0.10000000000000187,2
-1.6999999999999997,0.10000000000000187,2
-1.5999999999999996,0.10000000000000187,2
-1.4999999999999996,0.10000000000000187,2
-1.3999999999999995,0.10000000000000187,2
-1.2999999999999994,0.10000000000000187,2
-1.1999999999999993,0.10000000000000187,2
-1.0999999999999992,0.10000000000000187,2
-0.9999999999999991,0.10000000000000187,2
-0.899999999999999,0.10000000000000187,2
-0.7999999999999989,0.10000000000000187,2
-0.6999999999999988,0.10000000000000187,2
-0.5999999999999988,0.10000000000000187,2
-0.49999999999999867,0.10000000000000187,2
-0.3999999999999986,0.10000000000000187,2
-0.2999999999999985,0.10000000000000187,0
-0.1999999999999984,0.10000000000000187,0
-0.09999999999999831,0.10000000000000187,0
1.7763568394002505e-15,0.10000000000000187,0
0.10000000000000187,0.10000000000000187,0
0.20000000000000195,0.10000000000000187,0
0.30000000000000204,0.10000000000000187,0
0.40000000000000213,0.10000000000000187,4
0.5000000000000022,0.10000000000000187,4
0.6000000000000023,0.10000000000000187,4
0.7000000000000024,0.10000000000000187,4
0.8000000000000025,0.10000000000000187,4
0.9000000000000026,0.10000000000000187,4
1.0000000000000027,0.10000000000000187,4
1.1000000000000028,0.10000000000000187,4
1.2000000000000028,0.10000000000000187,4
1.300000000000003,0.10000000000000187,4
1.400000000000003,0.10000000000000187,4
1.500000000000003,0.10000000000000187,5
1.6000000000000032,0.10000000000000187,5
1.7000000000000033,0.10000000000000187,5
1.8000000000000034,0.10000000000000187,5
1.9000000000000035,0.10000000000000187,5
-2.0,0.20000000000000195,2
-1.9,0.20000000000000195,2
-1.7999999999999998,0.20000000000000195,2
-1.6999999999999997,0.20000000000000195,2
-1.5999999999999996,0.20000000000000195,2
-1.4999999999999996,0.20000000000000195,2
-1.3999999999999995,0.20000000000000195,2
-1.2999999999999994,0.20000000000000195,2
-1.1999999999999993,0.20000000000000195,2
-1.0999999999999992,0.20000000000000195,2
-0.9999999999999991,0.20000000000000195,2
-0.899999999999999,0.20000000000000195,2
-0.7999999999999989,0.20000000000000195,2
-0.6999999999999988,0.20000000000000195,2
-0.5999999999999988,0.20000000000000195,2
-0.49999999999999867,0.20000000000000195,2
-0.3999999999999986,0.20000000000000195,2
-0.2999999999999985,0.20000000000000195,0
-0.1999999999999984,0.20000000000000195,0
-0.09999999999999831,0.20000000000000195,0
1.7763568394002505e-15,0.20000000000000195,0
0.10000000000000187,0.20000000000000195,4
0.20000000000000195,0.20000000000000195,4
0.30000000000000204,0.20000000000000195,4
0.40000000000000213,0.20000000000000195,4
0.5000000000000022,0.20000000000000195,4
0.6000000000000023,0.20000000000000195,4
0.7000000000000024,0.20000000000000195,4
0.8000000000000025,0.20000000000000195,4
0.9000000000000026,0.20000000000000195,4
1.0000000000000027,0.20000000000000195,4
1.1000000000000028,0.20000000000000195,4
1.2000000000000028,0.20000000000000195,4
1.300000000000003,0.20000000000000195,4
1.400000000000003,0.20000000000000195,4
1.500000000000003,0.20000000000000195,4
1.6000000000000032,0.20000000000000195,4
1.7000000000000033,0.20000000000000195,5
1.8000000000000034,0.20000000000000195,5
1.9000000000000035,0.20000000000000195,5
-2.0,0.30000000000000204,2
-1.9,0.30000000000000204,2
-1.7999999999999998,0.30000000000000204,2
-1.6999999999999997,0.30000000000000204,2
-1.5999999999999996,0.30000000000000204,2
-1.4999999999999996,0.30000000000000204,2
-1.3999999999999995,0.30000000000000204,2
-1.2999999999999994,0.30000000000000204,2
-1.1999999999999993,0.30000000000000204,2
-1.0999999999999992,0.30000000000000204,2
-0.9999999999999991,0.30000000000000204,2
-0.899999999999999,0.30000000000000204,2
-0.7999999999999989,0.30000000000000204,2
-0.6999999999999988,0.30000000000000204,2
-0.5999999999999988,0.30000000000000204,2
-0.49999999999999867,0.30000000000000204,2
-0.3999999999999986,0.30000000000000204,2
-0.2999999999999985,0.30000000000000204,0
-0.1999999999999984,0.30000000000000204,0
-0.09999999999999831,0.30000000000000204,4
1.7763568394002505e-15,0.30000000000000204,4
0.10000000000000187,0.30000000000000204,4
0.20000000000000195,0.30000000000000204,4
0.30000000000000204,0.30000000000000204,4
0.40000000000000213,0.30000000000000204,4
0.5000000000000022,0.30000000000000204,4
0.6000000000000023,0.30000000000000204,4
0.7000000000000024,0.30000000000000204,4
0.8000000000000025,0.30000000000000204,4
0.9000000000000026,0.30000000000000204,4
1.0000000000000027,0.30000000000000204,4
1.1000000000000028,0.30000000000000204,4
1.2000000000000028,0.30000000000000204,4
1.300000000000003,0.30000000000000204,4
1.400000000000003,0.30000000000000204,4
1.500000000000003,0.30000000000000204,4
1.6000000000000032,0.30000000000000204,4
1.7000000000000033,0.30000000000000204,4
1.8000000000000034,0.30000000000000204,4
1.9000000000000035,0.30000000000000204,5
-2.0,0.40000000000000213,2
-1.9,0.40000000000000213,2
-1.7999999999999998,0.40000000000000213,2
-1.6999999999999997,0.40000000000000213,2
-1.5999999999999996,0.40000000000000213,2
-1.4999999999999996,0.40000000000000213,2
-1.3999999999999995,0.40000000000000213,2
-1.2999999999999994,0.40000000000000213,2
-1.1999999999999993,0.40000000000000213,2
-1.0999999999999992,0.40000000000000213,2
-0.9999999999999991,0.40000000000000213,2
-0.899999999999999,0.40000000000000213,2
-0.7999999999999989,0.40000000000000213,2
-0.6999999999999988,0.40000000000000213,2
-0.5999999999999988,0.40000000000000213,2
-0.49999999999999867,0.40000000000000213,2
-0.3999999999999986,0.40000000000000213,0
-0.2999999999999985,0.40000000000000213,4
-0.1999999999999984,0.40000000000000213,4
-0.09999999999999831,0.40000000000000213,4
1.7763568394002505e-15,0.40000000000000213,4
0.10000000000000187,0.40000000000000213,4
0.20000000000000195,0.40000000000000213,4
0.30000000000000204,0.40000000000000213,4
0.40000000000000213,0.40000000000000213,4
0.5000000000000022,0.40000000000000213,4
0.6000000000000023,0.40000000000000213,4
0.7000000000000024,0.40000000000000213,4
0.8000000000000025,0.40000000000000213,4
0.9000000000000026,0.40000000000000213,4
1.0000000000000027,0.40000000000000213,4
1.1000000000000028,0.40000000000000213,4
1.2000000000000028,0.40000000000000213,4
1.300000000000003,0.40000000000000213,4
1.400000000000003,0.40000000000000213,4
1.500000000000003,0.40000000000000213,4
1.6000000000000032,0.40000000000000213,4
1.7000000000000033,0.40000000000000213,4
1.8000000000000034,0.40000000000000213,4
1.9000000000000035,0.40000000000000213,4
-2.0,0.5000000000000022,2
-1.9,0.5000000000000022,2
-1.7999999999999998,0.5000000000000022,2
-1.6999999999999997,0.5000000000000022,2
-1.5999999999999996,0.5000000000000022,2
-1.4999999999999996,0.5000000000000022,2
-1.3999999999999995,0.5000000000000022,2
-1.2999999999999994,0.5000000000000022,2
-1.1999999999999993,0.5000000000000022,2
-1.0999999999999992,0.5000000000000022,2
-0.9999999999999991,0.5000000000000022,2
-0.899999999999999,0.5000000000000022,2
-0.7999999999999989,0.5000000000000022,2
-0.6999999999999988,0.5000000000000022,2
-0.5999999999999988,0.5000000000000022,2
-0.49999999999999867,0.5000000000000022,1
-0.3999999999999986,0.5000000000000022,4
-0.2999999999999985,0.5000000000000022,4
-0.1999999999999984,0.5000000000000022,4
-0.09999999999999831,0.5000000000000022,4
1.7763568394002505e-15,0.5000000000000022,4
0.10000000000000187,0.5000000000000022,4
0.20000000000000195,0.5000000000000022,4
0.30000000000000204,0.5000000000000022,4
0.40000000000000213,0.5000000000000022,4
0.5000000000000022,0.5000000000000022,4
0.6000000000000023,0.5000000000000022,4
0.7000000000000024,0.5000000000000022,4
0.8000000000000025,0.5000000000000022,4
0.9000000000000026,0.5000000000000022,4
1.0000000000000027,0.5000000000000022,4
1.1000000000000028,0.5000000000000022,4
1.2000000000000028,0.5000000000000022,4
1.300000000000003,0.5000000000000022,4
1.400000000000003,0.5000000000000022,4
1.500000000000003,0.5000000000000022,4
1.6000000000000032,0.5000000000000022,4
1.7000000000000033,0.5000000000000022,4
1.8000000000000034,0.5000000000000022,4
1.9000000000000035,0.5000000000000022,4
-2.0,0.6000000000000023,2
-1.9,0.6000000000000023,2
-1.7999999999999998,0.6000000000000023,2
-1.6999999999999997,0.6000000000000023,2
-1.5999999999999996,0.6000000000000023,2
-1.4999999999999996,0.6000000000000023,2
-1.3999999999999995,0.6000000000000023,2
-1.2999999999999994,0.6000000000000023,2
-1.1999999999999993,0.6000000000000023,2
-1.0999999999999992,0.6000000000000023,2
-0.9999999999999991,0.6000000000000023,2
-0.899999999999999,0.6000000000000023,2
-0.7999999999999989,0.6000000000000023,2
-0.6999999999999988,0.6000000000000023,1
-0.5999999999999988,0.6000000000000023,1
-0.49999999999999867,0.6000000000000023,4
-0.3999999999999986,0.6000000000000023,4
-0.2999999999999985,0.6000000000000023,4
-0.1999999999999984,0.6000000000000023,4
-0.09999999999999831,0.6000000000000023,4
1.7763568394002505e-15,0.6000000000000023,4
0.10000000000000187,0.6000000000000023,4
0.20000000000000195,0.6000000000000023,4
0.30000000000000204,0.6000000000000023,4
0.40000000000000213,0.6000000000000023,4
0.5000000000000022,0.6000000000000023,4
0.6000000000000023,0.6000000000000023,4
0.7000000000000024,0.6000000000000023,4
0.8000000000000025,0.6000000000000023,4
0.9000000000000026,0.6000000000000023,4
1.0000000000000027,0.6000000000000023,4
1.1000000000000028,0.6000000000000023,4
1.2000000000000028,0.6000000000000023,4
1.300000000000003,0.6000000000000023,4
1.400000000000003,0.6000000000000023,4
1.500000000000003,0.6000000000000023,4
1.6000000000000032,0.6000000000000023,4
1.7000000000000033,0.6000000000000023,4
1.8000000000000034,0.6000000000000023,4
1.9000000000000035,0.6000000000000023,4
-2.0,0.7000000000000024,2
-1.9,0.7000000000000024,2
-1.7999999999999998,0.7000000000000024,2
-1.6999999999999997,0.7000000000000024,2
-1.5999999999999996,0.7000000000000024,2
-1.4999999999999996,0.7000000000000024,2
-1.3999999999999995,0.7000000000000024,2
-1.2999999999999994,0.7000000000000024,2
-1.1999999999999993,0.7000000000000024,2
-1.0999999999999992,0.7000000000000024,2
-0.9999999999999991,0.7000000000000024,2
-0.899999999999999,0.7000000000000024,1
-0.7999999999999989,0.7000000000000024,1
-0.6999999999999988,0.7000000000000024,1
-0.5999999999999988,0.7000000000000024,1
-0.49999999999999867,0.7000000000000024,4
-0.3999999999999986,0.7000000000000024,4
-0.2999999999999985,0.7000000000000024,4
-0.1999999999999984,0.7000000000000024,4
-0.09999999999999831,0.7000000000000024,4
1.7763568394002505e-15,0.7000000000000024,4
0.10000000000000187,0.7000000000000024,4
0.20000000000000195,0.7000000000000024,4
0.30000000000000204,0.7000000000000024,4
0.40000000000000213,0.7000000000000024,4
0.5000000000000022,0.7000000000000024,4
0.6000000000000023,0.7000000000000024,4
0.7000000000000024,0.7000000000000024,4
0.8000000000000025,0.7000000000000024,4
0.9000000000000026,0.7000000000000024,4
1.0000000000000027,0.7000000000000024,4
1.1000000000000028,0.7000000000000024,4
1.2000000000000028,0.7000000000000024,4
1.300000000000003,0.7000000000000024,4
1.400000000000003,0.7000000000000024,4
1.500000000000003,0.7000000000000024,4
1.6000000000000032,0.7000000000000024,4
1.7000000000000033,0.7000000000000024,4
1.8000000000000034,0.7000000000000024,4
1.9000000000000035,0.7000000000000024,4
-2.0,0.8000000000000025,2
-1.9,0.8000000000000025,2
-1.7999999999999998,0.8000000000000025,2
-1.6999999999999997,0.8000000000000025,2
-1.5999999999999996,0.8000000000000025,1
-1.4999999999999996,0.8000000000000025,1
-1.3999999999999995,0.8000000000000025,1
-1.2999999999999994,0.8000000000000025,1
-1.1999999999999993,0.8000000000000025,1
-1.0999999999999992,0.8000000000000025,1
-0.9999999999999991,0.8000000000000025,1
-0.899999999999999,0.8000000000000025,1
-0.7999999999999989,0.8000000000000025,1
-0.6999999999999988,0.8000000000000025,1
-0.5999999999999988,0.8000000000000025,1
-0.49999999999999867,0.8000000000000025,4
-0.3999999999999986,0.8000000000000025,4
-0.2999999999999985,0.8000000000000025,4
-0.1999999999999984,0.8000000000000025,4
-0.09999999999999831,0.8000000000000025,4
1.7763568394002505e-15,0.8000000000000025,4
0.10000000000000187,0.8000000000000025,4
0.20000000000000195,0.8000000000000025,4
0.30000000000000204,0.8000000000000025,4
0.40000000000000213,0.8000000000000025,4
0.5000000000000022,0.8000000000000025,4
0.6000000000000023,0.8000000000000025,4
0.7000000000000024,0.8000000000000025,4
0.8000000000000025,0.8000000000000025,4
0.9000000000000026,0.8000000000000025,4
1.0000000000000027,0.8000000000000025,4
1.1000000000000028,0.8000000000000025,4
1.2000000000000028,0.8000000000000025,4
1.300000000000003,0.8000000000000025,4
1.400000000000003,0.8000000000000025,4
1.500000000000003,0.8000000000000025,4
1.6000000000000032,0.8000000000000025,4
1.7000000000000033,0.8000000000000025,4
1.8000000000000034,0.8000000000000025,4
1.9000000000000035,0.8000000000000025,4
-2.0,0.9000000000000026,1
-1.9,0.9000000000000026,1
-1.7999999999999998,0.9000000000000026,1
-1.6999999999999997,0.9000000000000026,1
-1.5999999999999996,0.9000000000000026,1
-1.4999999999999996,0.9000000000000026,1
-1.3999999999999995,0.9000000000000026,1
-1.2999999999999994,0.9000000000000026,1
-1.1999999999999993,0.9000000000000026,1
-1.0999999999999992,0.9000000000000026,1
-0.9999999999999991,0.9000000000000026,1
-0.899999999999999,0.9000000000000026,1
-0.7999999999999989,0.9000000000000026,1
-0.6999999999999988,0.9000000000000026,1
-0.5999999999999988,0.9000000000000026,1
-0.49999999999999867,0.9000000000000026,4
-0.3999999999999986,0.9000000000000026,4
-0.2999999999999985,0.9000000000000026,4
-0.1999999999999984,0.9000000000000026,4
-0.09999999999999831,0.9000000000000026,4
1.7763568394002505e-15,0.9000000000000026,4
0.10000000000000187,0.9000000000000026,4
0.20000000000000195,0.9000000000000026,4
0.30000000000000204,0.9000000000000026,4
0.40000000000000213,0.9000000000000026,4
0.5000000000000022,0.9000000000000026,4
0.6000000000000023,0.9000000000000026,4
0.7000000000000024,0.9000000000000026,4
0.8000000000000025,0.9000000000000026,4
0.9000000000000026,0.9000000000000026,4
1.0000000000000027,0.9000000000000026,4
1.1000000000000028,0.9000000000000026,4
1.2000000000000028,0.9000000000000026,4
1.300000000000003,0.9000000000000026,4
1.400000000000003,0.9000000000000026,4
1.500000000000003,0.9000000000000026,4
1.6000000000000032,0.9000000000000026,4
1.7000000000000033,0.9000000000000026,4
1.8000000000000034,0.9000000000000026,4
1.9000000000000035,0.9000000000000026,4
-2.0,1.0000000000000027,1
-1.9,1.0000000000000027,1
-1.7999999999999998,1.0000000000000027,1
-1.6999999999999997,1.0000000000000027,1
-1.5999999999999996,1.0000000000000027,1
-1.4999999999999996,1.0000000000000027,1
-1.3999999999999995,1.0000000000000027,1
-1.2999999999999994,1.0000000000000027,1
-1.1999999999999993,1.0000000000000027,1
-1.0999999999999992,1.0000000000000027,1
-0.9999999999999991,1.0000000000000027,1
-0.899999999999999,1.0000000000000027,1
-0.7999999999999989,1.0000000000000027,1
-0.6999999999999988,1.0000000000000027,1
-0.5999999999999988,1.0000000000000027,1
-0.49999999999999867,1.0000000000000027,1
-0.3999999999999986,1.0000000000000027,4
-0.2999999999999985,1.0000000000000027,4
-0.1999999999999984,1.0000000000000027,4
-0.09999999999999831,1.0000000000000027,4
1.7763568394002505e-15,1.0000000000000027,4
0.10000000000000187,1.0000000000000027,4
0.20000000000000195,1.0000000000000027,4
0.30000000000000204,1.0000000000000027,4
0.40000000000000213,1.0000000000000027,4
0.5000000000000022,1.0000000000000027,4
0.6000000000000023,1.0000000000000027,4
0.7000000000000024,1.0000000000000027,4
0.8000000000000025,1.0000000000000027,4
0.9000000000000026,1.0000000000000027,4
1.0000000000000027,1.0000000000000027,4
1.1000000000000028,1.0000000000000027,4
1.2000000000000028,1.0000000000000027,4
1.300000000000003,1.0000000000000027,4
1.400000000000003,1.0000000000000027,4
1.500000000000003,1.0000000000000027,4
1.6000000000000032,1.0000000000000027,4
1.7000000000000033,1.0000000000000027,4
1.8000000000000034,1.0000000000000027,4
1.9000000000000035,1.0000000000000027,4
-2.0,1.1000000000000028,1
-1.9,1.1000000000000028,1
-1.7999999999999998,1.1000000000000028,1
-1.6999999999999997,1.1000000000000028,1
-1.5999999999999996,1.1000000000000028,1
-1.4999999999999996,1.1000000000000028,1
-1.3999999999999995,1.1000000000000028,1
-1.2999999999999994,1.1000000000000028,1
-1.1999999999999993,1.1000000000000028,1
-1.0999999999999992,1.1000000000000028,1
-0.9999999999999991,1.1000000000000028,1
-0.899999999999999,1.1000000000000028,1
-0.7999999999999989,1.1000000000000028,1
-0.6999999999999988,1.1000000000000028,1
-0.5999999999999988,1.1000000000000028,1
-0.49999999999999867,1.1000000000000028,1
-0.3999999999999986,1.1000000000000028,4
-0.2999999999999985,1.1000000000000028,4
-0.1999999999999984,1.1000000000000028,4
-0.09999999999999831,1.1000000000000028,4
1.7763568394002505e-15,1.1000000000000028,4
0.10000000000000187,1.1000000000000028,4
0.20000000000000195,1.1000000000000028,4
0.30000000000000204,1.1000000000000028,4
0.40000000000000213,1.1000000000000028,4
0.5000000000000022,1.1000000000000028,4
0.6000000000000023,1.1000000000000028,4
0.7000000000000024,1.1000000000000028,4
0.8000000000000025,1.1000000000000028,4
0.9000000000000026,1.1000000000000028,4
1.0000000000000027,1.1000000000000028,4
1.1000000000000028,1.1000000000000028,4
1.2000000000000028,1.1000000000000028,4
1.300000000000003,1.1000000000000028,4
1.400000000000003,1.1000000000000028,4
1.500000000000003,1.1000000000000028,4
1.6000000000000032,1.1000000000000028,4
1.7000000000000033,1.1000000000000028,4
1.8000000000000034,1.1000000000000028,4
1.9000000000000035,1.1000000000000028,4
-2.0,1.2000000000000028,1
-1.9,1.2000000000000028,1
-1.7999999999999998,1.2000000000000028,1
-1.6999999999999997,1.2000000000000028,1
-1.5999999999999996,1.2000000000000028,1
-1.4999999999999996,1.2000000000000028,1
-1.3999999999999995,1.2000000000000028,1
-1.2999999999999994,1.2000000000000028,1
-1.1999999999999993,1.2000000000000028,1
-1.0999999999999992,1.2000000000000028,1
-0.9999999999999991,1.2000000000000028,1
-0.899999999999999,1.2000000000000028,1
-0.7999999999999989,1.2000000000000028,1
-0.6999999999999988,1.2000000000000028,1
-0.5999999999999988,1.2000000000000028,1
-0.49999999999999867,1.2000000000000028,1
-0.3999999999999986,1.2000000000000028,1
-0.2999999999999985,1.2000000000000028,4
-0.1999999999999984,1.2000000000000028,4
-0.09999999999999831,1.2000000000000028,4
1.7763568394002505e-15,1.2000000000000028,4
0.10000000000000187,1.2000000000000028,4
0.20000000000000195,1.2000000000000028,4
0.30000000000000204,1.2000000000000028,4
0.40000000000000213,1.2000000000000028,4
0.5000000000000022,1.2000000000000028,4
0.6000000000000023,1.2000000000000028,4
0.7000000000000024,1.2000000000000028,4
0.8000000000000025,1.2000000000000028,4
0.9000000000000026,1.2000000000000028,4
1.0000000000000027,1.2000000000000028,4
1.1000000000000028,1.2000000000000028,4
1.2000000000000028,1.2000000000000028,4
1.300000000000003,1.2000000000000028,4
1.400000000000003,1.2000000000000028,4
1.500000000000003,1.2000000000000028,4
1.6000000000000032,1.2000000000000028,4
1.7000000000000033,1.2000000000000028,4
1.8000000000000034,1.2000000000000028,4
1.9000000000000035,1.2000000000000028,4
-2.0,1.300000000000003,1
-1.9,1.300000000000003,1
-1.7999999999999998,1.300000000000003,1
-1.6999999999999997,1.300000000000003,1
-1.5999999999999996,1.300000000000003,1
-1.4999999999999996,1.300000000000003,1
-1.3999999999999995,1.300000000000003,1
-1.2999999999999994,1.300000000000003,1
-1.1999999999999993,1.300000000000003,1
-1.0999999999999992,1.300000000000003,1
-0.9999999999999991,1.300000000000003,1
-0.899999999999999,1.300000000000003,1
-0.7999999999999989,1.300000000000003,1
-0.6999999999999988,1.300000000000003,1
-0.5999999999999988,1.300000000000003,1
-0.49999999999999867,1.300000000000003,1
-0.3999999999999986,1.300000000000003,1
-0.2999999999999985,1.300000000000003,4
-0.1999999999999984,1.300000000000003,4
-0.09999999999999831,1.300000000000003,4
1.7763568394002505e-15,1.300000000000003,4
0.10000000000000187,1.300000000000003,4
0.20000000000000195,1.300000000000003,4
0.30000000000000204,1.300000000000003,4
0.40000000000000213,1.300000000000003,4
0.5000000000000022,1.300000000000003,4
0.6000000000000023,1.300000000000003,4
0.7000000000000024,1.300000000000003,4
0.8000000000000025,1.300000000000003,4
0.9000000000000026,1.300000000000003,4
1.0000000000000027,1.300000000000003,4
1.1000000000000028,1.300000000000003,4
1.2000000000000028,1.300000000000003,4
1.300000000000003,1.300000000000003,4
1.400000000000003,1.300000000000003,4
1.500000000000003,1.300000000000003,4
1.6000000000000032,1.300000000000003,4
1.7000000000000033,1.300000000000003,4
1.8000000000000034,1.300000000000003,4
1.9000000000000035,1.300000000000003,4
-2.0,1.400000000000003,1
-1.9,1.400000000000003,1
-1.7999999999999998,1.400000000000003,1
-1.6999999999999997,1.400000000000003,1
-1.5999999999999996,1.400000000000003,1
-1.4999999999999996,1.400000000000003,1
-1.3999999999999995,1.400000000000003,1
-1.2999999999999994,1.400000000000003,1
-1.1999999999999993,1.400000000000003,1
-1.0999999999999992,1.400000000000003,1
-0.9999999999999991,1.400000000000003,1
-0.899999999999999,1.400000000000003,1
-0.7999999999999989,1.400000000000003,1
-0.6999999999999988,1.400000000000003,1
-0.5999999999999988,1.400000000000003,1
-0.49999999999999867,1.400000000000003,1
-0.3999999999999986,1.400000000000003,1
-0.2999999999999985,1.400000000000003,1
-0.1999999999999984,1.400000000000003,4
-0.09999999999999831,1.400000000000003,4
1.7763568394002505e-15,1.400000000000003,4
0.10000000000000187,1.400000000000003,4
0.20000000000000195,1.400000000000003,4
0.30000000000000204,1.400000000000003,4
0.40000000000000213,1.400000000000003,4
0.5000000000000022,1.400000000000003,4
0.6000000000000023,1.400000000000003,4
0.7000000000000024,1.400000000000003,4
0.8000000000000025,1.400000000000003,4
0.9000000000000026,1.400000000000003,4
1.0000000000000027,1.400000000000003,4
1.1000000000000028,1.400000000000003,4
1.2000000000000028,1.400000000000003,4
1.300000000000003,1.400000000000003,4
1.400000000000003,1.400000000000003,4
1.500000000000003,1.400000000000003,4
1.6000000000000032,1.400000000000003,4
1.7000000000000033,1.400000000000003,4
1.8000000000000034,1.400000000000003,4
1.9000000000000035,1.400000000000003,4
-2.0,1.500000000000003,1
-1.9,1.500000000000003,1
-1.7999999999999998,1.500000000000003,1
-1.6999999999999997,1.500000000000003,1
-1.5999999999999996,1.500000000000003,1
-1.4999999999999996,1.500000000000003,1
-1.3999999999999995,1.500000000000003,1
-1.2999999999999994,1.500000000000003,1
-1.1999999999999993,1.500000000000003,1
-1.0999999999999992,1.500000000000003,1
-0.9999999999999991,1.500000000000003,1
-0.899999999999999,1.500000000000003,1
-0.7999999999999989,1.500000000000003,1
-0.6999999999999988,1.500000000000003,1
-0.5999999999999988,1.500000000000003,1
-0.49999999999999867,1.500000000000003,1
-0.3999999999999986,1.500000000000003,1
-0.2999999999999985,1.500000000000003,1
-0.1999999999999984,1.500000000000003,1
-0.09999999999999831,1.500000000000003,4
1.7763568394002505e-15,1.500000000000003,4
0.10000000000000187,1.500000000000003,4
0.20000000000000195,1.500000000000003,4
0.30000000000000204,1.500000000000003,4
0.40000000000000213,1.500000000000003,4
0.5000000000000022,1.500000000000003,4
0.6000000000000023,1.500000000000003,4
0.7000000000000024,1.500000000000003,4
0.8000000000000025,1.500000000000003,4
0.9000000000000026,1.500000000000003,4
1.0000000000000027,1.500000000000003,4
1.1000000000000028,1.500000000000003,4
1.2000000000000028,1.500000000000003,4
1.300000000000003,1.500000000000003,4
1.400000000000003,1.500000000000003,4
1.500000000000003,1.500000000000003,4
1.6000000000000032,1.500000000000003,4
1.7000000000000033,1.500000000000003,4
1.8000000000000034,1.500000000000003,4
1.9000000000000035,1.500000000000003,4
-2.0,1.6000000000000032,1
-1.9,1.6000000000000032,1
-1.7999999999999998,1.6000000000000032,1
-1.6999999999999997,1.6000000000000032,1
-1.5999999999999996,1.6000000000000032,1
-1.4999999999999996,1.6000000000000032,1
-1.3999999999999995,1.6000000000000032,1
-1.2999999999999994,1.6000000000000032,1
-1.1999999999999993,1.6000000000000032,1
-1.0999999999999992,1.6000000000000032,1
-0.9999999999999991,1.6000000000000032,1
-0.899999999999999,1.6000000000000032,1
-0.7999999999999989,1.6000000000000032,1
-0.6999999999999988,1.6000000000000032,1
-0.5999999999999988,1.6000000000000032,1
-0.49999999999999867,1.6000000000000032,1
-0.3999999999999986,1.6000000000000032,1
-0.2999999999999985,1.6000000000000032,1
-0.1999999999999984,1.6000000000000032,1
-0.09999999999999831,1.6000000000000032,1
1.7763568394002505e-15,1.6000000000000032,4
0.10000000000000187,1.6000000000000032,4
0.20000000000000195,1.6000000000000032,4
0.30000000000000204,1.6000000000000032,4
0.40000000000000213,1.6000000000000032,4
0.5000000000000022,1.6000000000000032,4
0.6000000000000023,1.6000000000000032,4
0.7000000000000024,1.6000000000000032,4
0.8000000000000025,1.6000000000000032,4
0.9000000000000026,1.6000000000000032,4
1.0000000000000027,1.6000000000000032,4
1.1000000000000028,1.6000000000000032,4
1.2000000000000028,1.6000000000000032,4
1.300000000000003,1.6000000000000032,4
1.400000000000003,1.6000000000000032,4
1.500000000000003,1.6000000000000032,4
1.6000000000000032,1.6000000000000032,4
1.7000000000000033,1.6000000000000032,4
1.8000000000000034,1.6000000000000032,4
1.9000000000000035,1.6000000000000032,4
-2.0,1.7000000000000033,1
-1.9,1.7000000000000033,1
-1.7999999999999998,1.7000000000000033,1
-1.6999999999999997,1.7000000000000033,1
-1.5999999999999996,1.7000000000000033,1
-1.4999999999999996,1.7000000000000033,1
-1.3999999999999995,1.7000000000000033,1
-1.2999999999999994,1.7000000000000033,1
-1.1999999999999993,1.7000000000000033,1
-1.0999999999999992,1.7000000000000033,1
-0.9999999999999991,1.7000000000000033,1
-0.899999999999999,1.7000000000000033,1
-0.7999999999999989,1.7000000000000033,1
-0.6999999999999988,1.7000000000000033,1
-0.5999999999999988,1.7000000000000033,1
-0.49999999999999867,1.7000000000000033,1
-0.3999999999999986,1.7000000000000033,1
-0.2999999999999985,1.7000000000000033,1
-0.1999999999999984,1.7000000000000033,1
-0.09999999999999831,1.7000000000000033,1
1.7763568394002505e-15,1.7000000000000033,4
0.10000000000000187,1.7000000000000033,4
0.20000000000000195,1.7000000000000033,4
0.30000000000000204,1.7000000000000033,4
0.40000000000000213,1.7000000000000033,4
0.5000000000000022,1.7000000000000033,4
0.6000000000000023,1.7000000000000033,4
0.7000000000000024,1.7000000000000033,4
0.8000000000000025,1.7000000000000033,4
0.9000000000000026,1.7000000000000033,4
1.0000000000000027,1.7000000000000033,4
1.1000000000000028,1.7000000000000033,4
1.2000000000000028,1.7000000000000033,4
1.300000000000003,1.7000000000000033,4
1.400000000000003,1.7000000000000033,4
1.500000000000003,1.7000000000000033,4
1.6000000000000032,1.7000000000000033,4
1.7000000000000033,1.7000000000000033,4
1.8000000000000034,1.7000000000000033,4
1.9000000000000035,1.7000000000000033,4
-2.0,1.8000000000000034,1
-1.9,1.8000000000000034,1
-1.7999999999999998,1.8000000000000034,1
-1.6999999999999997,1.8000000000000034,1
-1.5999999999999996,1.8000000000000034,1
-1.4999999999999996,1.8000000000000034,1
-1.3999999999999995,1.8000000000000034,1
-1.2999999999999994,1.8000000000000034,1
-1.1999999999999993,1.8000000000000034,1
-1.0999999999999992,1.8000000000000034,1
-0.9999999999999991,1.8000000000000034,1
-0.899999999999999,1.8000000000000034,1
-0.7999999999999989,1.8000000000000034,1
-0.6999999999999988,1.8000000000000034,1
-0.5999999999999988,1.8000000000000034,1
-0.49999999999999867,1.8000000000000034,1
-0.3999999999999986,1.8000000000000034,1
-0.2999999999999985,1.8000000000000034,1
-0.1999999999999984,1.8000000000000034,1
-0.09999999999999831,1.8000000000000034,1
1.7763568394002505e-15,1.8000000000000034,1
0.10000000000000187,1.8000000000000034,4
0.20000000000000195,1.8000000000000034,4
0.30000000000000204,1.8000000000000034,4
0.40000000000000213,1.8000000000000034,4
0.5000000000000022,1.8000000000000034,4
0.6000000000000023,1.8000000000000034,4
0.7000000000000024,1.8000000000000034,4
0.8000000000000025,1.8000000000000034,4
0.9000000000000026,1.8000000000000034,4
1.0000000000000027,1.8000000000000034,4
1.1000000000000028,1.8000000000000034,4
1.2000000000000028,1.8000000000000034,4
1.300000000000003,1.8000000000000034,4
1.400000000000003,1.8000000000000034,4
1.500000000000003,1.8000000000000034,4
1.6000000000000032,1.8000000000000034,4
1.7000000000000033,1.8000000000000034,4
1.8000000000000034,1.8000000000000034,4
1.9000000000000035,1.8000000000000034,4
-2.0,1.9000000000000035,1
-1.9,1.9000000000000035,1
-1.7999999999999998,1.9000000000000035,1
-1.6999999999999997,1.9000000000000035,1
-1.5999999999999996,1.9000000000000035,1
-1.4999999999999996,1.9000000000000035,1
-1.3999999999999995,1.9000000000000035,1
-1.2999999999999994,1.9000000000000035,1
-1.1999999999999993,1.9000000000000035,1
-1.0999999999999992,1.9000000000000035,1
-0.9999999999999991,1.9000000000000035,1
-0.899999999999999,1.9000000000000035,1
-0.7999999999999989,1.9000000000000035,1
-0.6999999999999988,1.9000000000000035,1
-0.5999999999999988,1.9000000000000035,1
-0.49999999999999867,1.9000000000000035,1
-0.3999999999999986,1.9000000000000035,1
-0.2999999999999985,1.9000000000000035,1
-0.1999999999999984,1.9000000000000035,1
-0.09999999999999831,1.9000000000000035,1
1.7763568394002505e-15,1.9000000000000035,1
0.10000000000000187,1.9000000000000035,1
0.20000000000000195,1.9000000000000035,4
0.30000000000000204,1.9000000000000035,4
0.40000000000000213,1.9000000000000035,4
0.5000000000000022,1.9000000000000035,4
0.6000000000000023,1.9000000000000035,4
0.7000000000000024,1.9000000000000035,4
0.8000000000000025,1.9000000000000035,4
0.9000000000000026,1.9000000000000035,4
1.0000000000000027,1.9000000000000035,4
1.1000000000000028,1.9000000000000035,4
1.2000000000000028,1.9000000000000035,4
1.300000000000003,1.9000000000000035,4
1.400000000000003,1.9000000000000035,4
1.500000000000003,1.9000000000000035,4
1.6000000000000032,1.9000000000000035,4
1.7000000000000033,1.9000000000000035,4
1.8000000000000034,1.9000000000000035,4
1.9000000000000035,1.9000000000000035,4
